rgn_id,year,value
1,2013,0.10577363474294543
2,2013,0.1325089603662491
3,2013,0.08451492413878442
4,2013,0.02503803917206824
5,2013,0.0993619884364307
6,2013,0.06368065709248186
7,2013,0.17201827079989018
8,2013,0.12532739830203354
